action_id,source_row,capability_id,module,capability,original_action,original_explanation,original_output,original_acceptance,historical_design_status,historical_dependency,historical_owner,historical_date,historical_execution_status,historical_evidence,requirements,tasks,current_scope,disposition,current_acceptance
M1.1-A01,8,M1.1,执行数据基础,业务对象定义,定义项目结构对象,明确Programme、Project、SKU等层级分别代表什么，以及一个Project如何包含多个SKU。,对象清单、定义及系统归属表,对象定义唯一清晰，边界和系统归属明确,TARGET,TBD,TBD,TBD,进行中,,REQ-001 ; REQ-002,AT-00 ; AT-03 ; MS-02 ; GOV-01,P0,原目标保留；按本版BR及目标对象实施，历史Done不继承为验收。,Not Submitted
M1.1-A02,9,M1.1,执行数据基础,业务对象定义,定义计划执行对象,明确阶段、里程碑、任务和交付物分别表达什么，避免日期和状态混用。,对象清单、定义及系统归属表,对象定义唯一清晰，边界和系统归属明确,TARGET,TBD,TBD,TBD,未开始,,REQ-001 ; REQ-008 ; REQ-009,AT-04 ; MS-02 ; MS-05 ; GOV-01,P0,原目标保留；按本版BR及目标对象实施，历史Done不继承为验收。,Not Submitted
M1.1-A03,10,M1.1,执行数据基础,业务对象定义,定义异常对象,明确Risk、Issue、Delay和Blocker如何区分，以及异常应该关联到哪个业务对象。,对象清单、定义及系统归属表,对象定义唯一清晰，边界和系统归属明确,TARGET,TBD,TBD,TBD,未开始,,REQ-001 ; REQ-012 ; REQ-013,AT-05 ; MS-02 ; MS-07 ; GOV-01,P0,原目标保留；按本版BR及目标对象实施，历史Done不继承为验收。,Not Submitted
M1.1-A04,11,M1.1,执行数据基础,业务对象定义,定义恢复与决策对象,明确问题发生后如何记录恢复行动、责任人、管理决定、实际结果和验证关闭。,对象清单、定义及系统归属表,对象定义唯一清晰，边界和系统归属明确,TARGET,TBD,TBD,TBD,未开始,,REQ-001 ; REQ-013 ; REQ-014,AT-05 ; MS-07 ; AT-13 ; MS-12 ; GOV-01,P0/P1分层,恢复对象P0由Tasks类型承载；独立Decision模型P1评估，不据本Action创建重复行动库。,Not Submitted
M1.1-A05,12,M1.1,执行数据基础,业务对象定义,定义组织责任对象,明确人员、团队、角色、执行责任、确认责任和决策责任如何区分。,对象清单、定义及系统归属表,对象定义唯一清晰，边界和系统归属明确,TARGET,TBD,TBD,TBD,未开始,,REQ-001 ; REQ-002 ; REQ-026,AT-02 ; MS-02 ; MS-07 ; GOV-01 ; GOV-02,P0,原目标保留；按本版BR及目标对象实施，历史Done不继承为验收。,Not Submitted
M1.1-A06,13,M1.1,执行数据基础,业务对象定义,确认对象系统归属,明确每类数据在哪里创建、在哪里维护、谁负责，以及AutoPM是读取、引用、计算还是写入。,对象清单、定义及系统归属表,对象定义唯一清晰，边界和系统归属明确,TARGET,TBD,TBD,TBD,进行中,,REQ-002 ; REQ-003 ; REQ-029,AT-03 ; MS-02 ; GOV-01,P0,原目标保留；按本版BR及目标对象实施，历史Done不继承为验收。,Not Submitted
M1.2-A01,14,M1.2,执行数据基础,对象关系模型,建立项目层级、计划、责任、异常和恢复结果关系,完成“建立项目层级、计划、责任、异常和恢复结果关系”，使“对象关系模型”能够按统一规则执行、检查并留下可验证结果。,业务对象关系图及关系规则,任务、异常和行动可追溯，汇总可下钻，无孤立核心记录,TARGET,TBD,TBD,TBD,未开始,,REQ-001 ; REQ-008 ; REQ-013 ; REQ-015,AT-03 ; AT-04 ; AT-05 ; MS-02 ; MS-05 ; MS-07 ; GOV-01,P0,原目标保留；按本版BR及目标对象实施，历史Done不继承为验收。,Not Submitted
M1.2-A02,15,M1.2,执行数据基础,对象关系模型,建立汇总下钻规则,完成“建立汇总下钻规则”，使“对象关系模型”能够按统一规则执行、检查并留下可验证结果。,业务对象关系图及关系规则,任务、异常和行动可追溯，汇总可下钻，无孤立核心记录,TARGET,TBD,TBD,TBD,未开始,,REQ-005 ; REQ-007,AT-01 ; AT-08 ; MS-04 ; GOV-01,P0,原目标保留；按本版BR及目标对象实施，历史Done不继承为验收。,Not Submitted
M1.2-A03,16,M1.2,执行数据基础,对象关系模型,处理跨项目和多SKU关系,完成“处理跨项目和多SKU关系”，使“对象关系模型”能够按统一规则执行、检查并留下可验证结果。,业务对象关系图及关系规则,任务、异常和行动可追溯，汇总可下钻，无孤立核心记录,TARGET,TBD,TBD,TBD,未开始,,REQ-001,AT-03 ; MS-02 ; MS-06 ; GOV-01,P0,原目标保留；按本版BR及目标对象实施，历史Done不继承为验收。,Not Submitted
M1.3-A01,17,M1.3,执行数据基础,唯一标识与映射,定义Project、SKU、Milestone、Task、Issue、Action和Decision标识,完成“定义Project、SKU、Milestone、Task、Issue、Action和Decision标识”，使“唯一标识与映射”能够按统一规则执行、检查并留下可验证结果。,唯一标识、映射和去重规则,同一对象不重复，上下游稳定匹配，历史记录可处理,TARGET,TBD,TBD,TBD,进行中,,REQ-002,AT-03 ; AT-06 ; MS-02 ; MS-08 ; GOV-01,P0,项目/任务/问题等身份P0；Decision ID预留设计，不代表P0建立Decision平台。,Not Submitted
M1.3-A02,18,M1.3,执行数据基础,唯一标识与映射,建立上游映射、去重和历史无ID处理规则,完成“建立上游映射、去重和历史无ID处理规则”，使“唯一标识与映射”能够按统一规则执行、检查并留下可验证结果。,唯一标识、映射和去重规则,同一对象不重复，上下游稳定匹配，历史记录可处理,TARGET,TBD,TBD,TBD,进行中,,REQ-002,AT-03 ; AT-06 ; MS-02 ; MS-08 ; GOV-01,P0,原目标保留；按本版BR及目标对象实施，历史Done不继承为验收。,Not Submitted
M1.4-A01,19,M1.4,执行数据基础,字段与状态标准,定义身份、责任、日期、生命周期、健康、执行和数据确认字段,完成“定义身份、责任、日期、生命周期、健康、执行和数据确认字段”，使“字段与状态标准”能够按统一规则执行、检查并留下可验证结果。,字段字典、状态字典和转换规则,日期和状态不混用，状态条件明确，自动结果可解释,TARGET,TBD,TBD,TBD,进行中,,REQ-004 ; REQ-006 ; REQ-008,AT-01 ; AT-02 ; AT-04 ; MS-02 ; MS-03 ; GOV-01,P0,原目标保留；按本版BR及目标对象实施，历史Done不继承为验收。,Not Submitted
M1.4-A02,20,M1.4,执行数据基础,字段与状态标准,定义状态转换、重开和关闭规则,完成“定义状态转换、重开和关闭规则”，使“字段与状态标准”能够按统一规则执行、检查并留下可验证结果。,字段字典、状态字典和转换规则,日期和状态不混用，状态条件明确，自动结果可解释,TARGET,TBD,TBD,TBD,未开始,,REQ-008 ; REQ-011 ; REQ-015,AT-01 ; AT-05 ; MS-03 ; MS-07 ; GOV-01,P0,原目标保留；按本版BR及目标对象实施，历史Done不继承为验收。,Not Submitted
M1.5-A01,21,M1.5,执行数据基础,数据来源与责任,确认关键字段正式来源,完成“确认关键字段正式来源”，使“数据来源与责任”能够按统一规则执行、检查并留下可验证结果。,数据来源矩阵、责任矩阵和读写规则,关键字段有来源和责任，无规则双维护被消除，冲突可处理,TARGET,TBD,TBD,TBD,进行中,,REQ-002 ; REQ-003 ; REQ-029,AT-03 ; AT-06 ; MS-01 ; MS-02 ; MS-08 ; GOV-01,P0,原目标保留；按本版BR及目标对象实施，历史Done不继承为验收。,Not Submitted
M1.5-A02,22,M1.5,执行数据基础,数据来源与责任,明确读写计算引用边界,完成“明确读写计算引用边界”，使“数据来源与责任”能够按统一规则执行、检查并留下可验证结果。,数据来源矩阵、责任矩阵和读写规则,关键字段有来源和责任，无规则双维护被消除，冲突可处理,TARGET,TBD,TBD,TBD,未开始,,REQ-002 ; REQ-003 ; REQ-029,AT-03 ; AT-06 ; MS-01 ; MS-02 ; MS-08 ; GOV-01,P0,原目标保留；按本版BR及目标对象实施，历史Done不继承为验收。,Not Submitted
M1.5-A03,23,M1.5,执行数据基础,数据来源与责任,指定业务与数据Owner,完成“指定业务与数据Owner”，使“数据来源与责任”能够按统一规则执行、检查并留下可验证结果。,数据来源矩阵、责任矩阵和读写规则,关键字段有来源和责任，无规则双维护被消除，冲突可处理,TARGET,TBD,TBD,TBD,未开始,,REQ-002 ; REQ-026 ; REQ-028,GOV-01 ; GOV-02,P0,原目标保留；按本版BR及目标对象实施，历史Done不继承为验收。,Not Submitted
M1.5-A04,24,M1.5,执行数据基础,数据来源与责任,定义冲突、失败和双系统维护规则,完成“定义冲突、失败和双系统维护规则”，使“数据来源与责任”能够按统一规则执行、检查并留下可验证结果。,数据来源矩阵、责任矩阵和读写规则,关键字段有来源和责任，无规则双维护被消除，冲突可处理,TARGET,TBD,TBD,TBD,未开始,,REQ-003 ; REQ-004 ; REQ-029,AT-06 ; MS-08 ; MS-10 ; GOV-01 ; GOV-04,P0,原目标保留；按本版BR及目标对象实施，历史Done不继承为验收。,Not Submitted
M1.6-A01,25,M1.6,执行数据基础,真实项目数据初始化,确认试点项目,完成“确认试点项目”，使“真实项目数据初始化”能够按统一规则执行、检查并留下可验证结果。,可运行试点数据及修复清单,项目具有真实结构和执行数据，关系完整，业务抽样一致,TARGET,TBD,TBD,TBD,未开始,,REQ-028,GOV-03,P0,原目标保留；按本版BR及目标对象实施，历史Done不继承为验收。,Not Submitted
M1.6-A02,26,M1.6,执行数据基础,真实项目数据初始化,清理记录,完成“清理记录”，使“真实项目数据初始化”能够按统一规则执行、检查并留下可验证结果。,可运行试点数据及修复清单,项目具有真实结构和执行数据，关系完整，业务抽样一致,TARGET,TBD,TBD,TBD,进行中,,REQ-002 ; REQ-004,AT-03 ; AT-06 ; MS-10 ; GOV-01,P0,原目标保留；按本版BR及目标对象实施，历史Done不继承为验收。,Not Submitted
M1.6-A03,27,M1.6,执行数据基础,真实项目数据初始化,建立Project与SKU关系,完成“建立Project与SKU关系”，使“真实项目数据初始化”能够按统一规则执行、检查并留下可验证结果。,可运行试点数据及修复清单,项目具有真实结构和执行数据，关系完整，业务抽样一致,TARGET,TBD,TBD,TBD,未开始,,REQ-001 ; REQ-002,AT-03 ; MS-02 ; MS-06 ; MS-10,P0,原目标保留；按本版BR及目标对象实施，历史Done不继承为验收。,Not Submitted
M1.6-A04,28,M1.6,执行数据基础,真实项目数据初始化,导入Milestone、Task、成员、异常和Action,完成“导入Milestone、Task、成员、异常和Action”，使“真实项目数据初始化”能够按统一规则执行、检查并留下可验证结果。,可运行试点数据及修复清单,项目具有真实结构和执行数据，关系完整，业务抽样一致,TARGET,TBD,TBD,TBD,进行中,,REQ-002 ; REQ-004,AT-03 ; AT-06 ; MS-10 ; GOV-01,P0,原目标保留；按本版BR及目标对象实施，历史Done不继承为验收。,Not Submitted
M1.6-A05,29,M1.6,执行数据基础,真实项目数据初始化,完成业务抽样,完成“完成业务抽样”，使“真实项目数据初始化”能够按统一规则执行、检查并留下可验证结果。,可运行试点数据及修复清单,项目具有真实结构和执行数据，关系完整，业务抽样一致,TARGET,TBD,TBD,TBD,未开始,,REQ-004 ; REQ-028,AT-11 ; MS-10 ; GOV-03,P0,原目标保留；按本版BR及目标对象实施，历史Done不继承为验收。,Not Submitted
M1.7-A01,30,M1.7,执行数据基础,数据质量与审计,建立必填、关系、重复、冲突、未更新和业务逻辑检查,完成“建立必填、关系、重复、冲突、未更新和业务逻辑检查”，使“数据质量与审计”能够按统一规则执行、检查并留下可验证结果。,质量规则、问题清单和审计记录,问题可识别、分配和关闭，关键变化可追溯,TARGET,TBD,TBD,TBD,进行中,,REQ-004,AT-01 ; AT-03 ; AT-06 ; MS-03 ; MS-08 ; GOV-01,P0,原目标保留；按本版BR及目标对象实施，历史Done不继承为验收。,Not Submitted
M1.7-A02,31,M1.7,执行数据基础,数据质量与审计,记录关键变更和数据产生方式,完成“记录关键变更和数据产生方式”，使“数据质量与审计”能够按统一规则执行、检查并留下可验证结果。,质量规则、问题清单和审计记录,问题可识别、分配和关闭，关键变化可追溯,TARGET,TBD,TBD,TBD,未开始,,REQ-004 ; REQ-011,AT-05 ; AT-06 ; MS-03 ; MS-08,P0,原目标保留；按本版BR及目标对象实施，历史Done不继承为验收。,Not Submitted
M1.7-A03,32,M1.7,执行数据基础,数据质量与审计,关闭质量问题,完成“关闭质量问题”，使“数据质量与审计”能够按统一规则执行、检查并留下可验证结果。,质量规则、问题清单和审计记录,问题可识别、分配和关闭，关键变化可追溯,TARGET,TBD,TBD,TBD,未开始,,REQ-004,AT-06 ; MS-08 ; GOV-01,P0,原目标保留；按本版BR及目标对象实施，历史Done不继承为验收。,Not Submitted
M2.1-A01,33,M2.1,项目执行与问题闭环,项目进入与初始化,识别新增与重复项目,完成“识别新增与重复项目”，使“项目进入与初始化”能够按统一规则执行、检查并留下可验证结果。,已初始化项目及范围责任记录,项目身份唯一，结构、责任和模板明确,TARGET,TBD,TBD,TBD,进行中,,REQ-001 ; REQ-009,AT-04 ; MS-05 ; GOV-01,P0,原目标保留；按本版BR及目标对象实施，历史Done不继承为验收。,Not Submitted
M2.1-A02,34,M2.1,项目执行与问题闭环,项目进入与初始化,确认Programme、Project Group、SKU、类型、阶段、范围、负责人、成员和模板,完成“确认Programme、Project Group、SKU、类型、阶段、范围、负责人、成员和模板”，使“项目进入与初始化”能够按统一规则执行、检查并留下可验证结果。,已初始化项目及范围责任记录,项目身份唯一，结构、责任和模板明确,TARGET,TBD,TBD,TBD,未开始,,REQ-001 ; REQ-009,AT-04 ; MS-05 ; GOV-01,P0,旧文Project Group与PRD冲突；保留原动作，按Program/Project/SKU正式对象和关系映射，不新增Project Group层级。,Not Submitted
M2.2-A01,35,M2.2,项目执行与问题闭环,计划与任务建立,建立阶段和Milestone,完成“建立阶段和Milestone”，使“计划与任务建立”能够按统一规则执行、检查并留下可验证结果。,项目基线计划及任务责任清单,关键里程碑和任务有日期、责任、依赖并可执行,TARGET,TBD,TBD,TBD,进行中,,REQ-008 ; REQ-009 ; REQ-018,AT-04 ; MS-05,P0,原目标保留；按本版BR及目标对象实施，历史Done不继承为验收。,Not Submitted
M2.2-A02,36,M2.2,项目执行与问题闭环,计划与任务建立,导入或生成Task,完成“导入或生成Task”，使“计划与任务建立”能够按统一规则执行、检查并留下可验证结果。,项目基线计划及任务责任清单,关键里程碑和任务有日期、责任、依赖并可执行,TARGET,TBD,TBD,TBD,进行中,,REQ-003 ; REQ-008 ; REQ-009,AT-04 ; AT-06 ; MS-05 ; MS-08,P0,原目标保留；按本版BR及目标对象实施，历史Done不继承为验收。,Not Submitted
M2.2-A03,37,M2.2,项目执行与问题闭环,计划与任务建立,明确交付物和依赖,完成“明确交付物和依赖”，使“计划与任务建立”能够按统一规则执行、检查并留下可验证结果。,项目基线计划及任务责任清单,关键里程碑和任务有日期、责任、依赖并可执行,TARGET,TBD,TBD,TBD,未开始,,REQ-008 ; REQ-009 ; REQ-018,AT-04 ; MS-05,P0,原目标保留；按本版BR及目标对象实施，历史Done不继承为验收。,Not Submitted
M2.2-A04,38,M2.2,项目执行与问题闭环,计划与任务建立,分配Owner,完成“分配Owner”，使“计划与任务建立”能够按统一规则执行、检查并留下可验证结果。,项目基线计划及任务责任清单,关键里程碑和任务有日期、责任、依赖并可执行,TARGET,TBD,TBD,TBD,进行中,,REQ-008 ; REQ-009 ; REQ-018,AT-04 ; MS-05,P0,原目标保留；按本版BR及目标对象实施，历史Done不继承为验收。,Not Submitted
M2.2-A05,39,M2.2,项目执行与问题闭环,计划与任务建立,设置Baseline与Due,完成“设置Baseline与Due”，使“计划与任务建立”能够按统一规则执行、检查并留下可验证结果。,项目基线计划及任务责任清单,关键里程碑和任务有日期、责任、依赖并可执行,TARGET,TBD,TBD,TBD,进行中,,REQ-008 ; REQ-009 ; REQ-018,AT-04 ; MS-05,P0,原目标保留；按本版BR及目标对象实施，历史Done不继承为验收。,Not Submitted
M2.2-A06,40,M2.2,项目执行与问题闭环,计划与任务建立,确认计划并记录变更,完成“确认计划并记录变更”，使“计划与任务建立”能够按统一规则执行、检查并留下可验证结果。,项目基线计划及任务责任清单,关键里程碑和任务有日期、责任、依赖并可执行,TARGET,TBD,TBD,TBD,未开始,,REQ-008 ; REQ-009 ; REQ-018,AT-04 ; MS-05,P0,原目标保留；按本版BR及目标对象实施，历史Done不继承为验收。,Not Submitted
M2.3-A01,41,M2.3,项目执行与问题闭环,日常执行与更新,查看待办,完成“查看待办”，使“日常执行与更新”能够按统一规则执行、检查并留下可验证结果。,持续更新的执行状态及承诺结果记录,状态真实，计划预测实际可比较，长期未更新可识别,TARGET,TBD,TBD,TBD,进行中,,REQ-008 ; REQ-010,AT-02 ; MS-07,P0,原目标保留；按本版BR及目标对象实施，历史Done不继承为验收。,Not Submitted
M2.3-A02,42,M2.3,项目执行与问题闭环,日常执行与更新,更新Task和Forecast,完成“更新Task和Forecast”，使“日常执行与更新”能够按统一规则执行、检查并留下可验证结果。,持续更新的执行状态及承诺结果记录,状态真实，计划预测实际可比较，长期未更新可识别,TARGET,TBD,TBD,TBD,未开始,,REQ-008 ; REQ-009,AT-01 ; AT-04 ; AT-08 ; MS-05 ; MS-07,P0,原目标保留；按本版BR及目标对象实施，历史Done不继承为验收。,Not Submitted
M2.3-A03,43,M2.3,项目执行与问题闭环,日常执行与更新,提交交付物或证据,完成“提交交付物或证据”，使“日常执行与更新”能够按统一规则执行、检查并留下可验证结果。,持续更新的执行状态及承诺结果记录,状态真实，计划预测实际可比较，长期未更新可识别,TARGET,TBD,TBD,TBD,未开始,,REQ-008 ; REQ-011,AT-01 ; AT-08 ; MS-05 ; MS-07,P0,原目标保留；按本版BR及目标对象实施，历史Done不继承为验收。,Not Submitted
M2.3-A04,44,M2.3,项目执行与问题闭环,日常执行与更新,记录下一步、等待、阻塞、变化、更新时间和更新人,完成“记录下一步、等待、阻塞、变化、更新时间和更新人”，使“日常执行与更新”能够按统一规则执行、检查并留下可验证结果。,持续更新的执行状态及承诺结果记录,状态真实，计划预测实际可比较，长期未更新可识别,TARGET,TBD,TBD,TBD,未开始,,REQ-005 ; REQ-008,AT-02 ; AT-08 ; MS-04 ; MS-07,P0,原目标保留；按本版BR及目标对象实施，历史Done不继承为验收。,Not Submitted
M2.4-A01,45,M2.4,项目执行与问题闭环,异常识别与记录,识别并分类Issue、Risk、Delay和Blocker,完成“识别并分类Issue、Risk、Delay和Blocker”，使“异常识别与记录”能够按统一规则执行、检查并留下可验证结果。,结构化异常记录及影响责任,分类一致，影响对象、Owner、状态和下一步明确,TARGET,TBD,TBD,TBD,未开始,,REQ-012,AT-05 ; MS-07,P0,原目标保留；按本版BR及目标对象实施，历史Done不继承为验收。,Not Submitted
M2.4-A02,46,M2.4,项目执行与问题闭环,异常识别与记录,关联影响对象,完成“关联影响对象”，使“异常识别与记录”能够按统一规则执行、检查并留下可验证结果。,结构化异常记录及影响责任,分类一致，影响对象、Owner、状态和下一步明确,TARGET,TBD,TBD,TBD,未开始,,REQ-012,AT-05 ; MS-07,P0,原目标保留；按本版BR及目标对象实施，历史Done不继承为验收。,Not Submitted
M2.4-A03,47,M2.4,项目执行与问题闭环,异常识别与记录,记录影响、严重度、原因、Owner、升级需求和重复异常,完成“记录影响、严重度、原因、Owner、升级需求和重复异常”，使“异常识别与记录”能够按统一规则执行、检查并留下可验证结果。,结构化异常记录及影响责任,分类一致，影响对象、Owner、状态和下一步明确,TARGET,TBD,TBD,TBD,未开始,,REQ-012,AT-05 ; MS-07,P0,原目标保留；按本版BR及目标对象实施，历史Done不继承为验收。,Not Submitted
M2.5-A01,48,M2.5,项目执行与问题闭环,恢复行动与升级,创建Recovery Action,完成“创建Recovery Action”，使“恢复行动与升级”能够按统一规则执行、检查并留下可验证结果。,恢复行动计划及责任日期结果,关键异常有行动或处置结论，逾期无效行动可升级,TARGET,TBD,TBD,TBD,未开始,,REQ-013,AT-05 ; MS-07,P0,原目标保留；按本版BR及目标对象实施，历史Done不继承为验收。,Not Submitted
M2.5-A02,49,M2.5,项目执行与问题闭环,恢复行动与升级,指定Owner,完成“指定Owner”，使“恢复行动与升级”能够按统一规则执行、检查并留下可验证结果。,恢复行动计划及责任日期结果,关键异常有行动或处置结论，逾期无效行动可升级,TARGET,TBD,TBD,TBD,未开始,,REQ-013,AT-05 ; MS-07,P0,原目标保留；按本版BR及目标对象实施，历史Done不继承为验收。,Not Submitted
M2.5-A03,50,M2.5,项目执行与问题闭环,恢复行动与升级,设置Due和恢复目标,完成“设置Due和恢复目标”，使“恢复行动与升级”能够按统一规则执行、检查并留下可验证结果。,恢复行动计划及责任日期结果,关键异常有行动或处置结论，逾期无效行动可升级,TARGET,TBD,TBD,TBD,未开始,,REQ-013,AT-05 ; MS-07,P0,原目标保留；按本版BR及目标对象实施，历史Done不继承为验收。,Not Submitted
M2.5-A04,51,M2.5,项目执行与问题闭环,恢复行动与升级,更新优先级、状态、进展和结果,完成“更新优先级、状态、进展和结果”，使“恢复行动与升级”能够按统一规则执行、检查并留下可验证结果。,恢复行动计划及责任日期结果,关键异常有行动或处置结论，逾期无效行动可升级,TARGET,TBD,TBD,TBD,未开始,,REQ-013,AT-05 ; MS-07,P0,原目标保留；按本版BR及目标对象实施，历史Done不继承为验收。,Not Submitted
M2.5-A05,52,M2.5,项目执行与问题闭环,恢复行动与升级,识别逾期无效行动并升级,完成“识别逾期无效行动并升级”，使“恢复行动与升级”能够按统一规则执行、检查并留下可验证结果。,恢复行动计划及责任日期结果,关键异常有行动或处置结论，逾期无效行动可升级,TARGET,TBD,TBD,TBD,未开始,,REQ-010 ; REQ-013,AT-05 ; AT-09 ; MS-07 ; MS-09,P0,原目标保留；按本版BR及目标对象实施，历史Done不继承为验收。,Not Submitted
M2.6-A01,53,M2.6,项目执行与问题闭环,管理决策,识别待决策事项,完成“识别待决策事项”，使“管理决策”能够按统一规则执行、检查并留下可验证结果。,待决策清单、决策记录和后续行动,决策事项、人员、期限、理由和结果可追踪,TARGET,TBD,TBD,TBD,未开始,,REQ-014,AT-13 ; MS-12 ; GOV-01,P1,独立Decision／高级Review按用户范围放P1；现有周报和Issue中的待决责任仍保留，不能静默删去原Action。,Not Submitted
M2.6-A02,54,M2.6,项目执行与问题闭环,管理决策,记录背景、影响、时限、方案和建议,完成“记录背景、影响、时限、方案和建议”，使“管理决策”能够按统一规则执行、检查并留下可验证结果。,待决策清单、决策记录和后续行动,决策事项、人员、期限、理由和结果可追踪,TARGET,TBD,TBD,TBD,未开始,,REQ-014,AT-13 ; MS-12 ; GOV-01,P1,独立Decision／高级Review按用户范围放P1；现有周报和Issue中的待决责任仍保留，不能静默删去原Action。,Not Submitted
M2.6-A03,55,M2.6,项目执行与问题闭环,管理决策,指定决策人,完成“指定决策人”，使“管理决策”能够按统一规则执行、检查并留下可验证结果。,待决策清单、决策记录和后续行动,决策事项、人员、期限、理由和结果可追踪,TARGET,TBD,TBD,TBD,未开始,,REQ-014,AT-13 ; MS-12 ; GOV-01,P1,独立Decision／高级Review按用户范围放P1；现有周报和Issue中的待决责任仍保留，不能静默删去原Action。,Not Submitted
M2.6-A04,56,M2.6,项目执行与问题闭环,管理决策,记录决定理由,完成“记录决定理由”，使“管理决策”能够按统一规则执行、检查并留下可验证结果。,待决策清单、决策记录和后续行动,决策事项、人员、期限、理由和结果可追踪,TARGET,TBD,TBD,TBD,未开始,,REQ-014,AT-13 ; MS-12 ; GOV-01,P1,独立Decision／高级Review按用户范围放P1；现有周报和Issue中的待决责任仍保留，不能静默删去原Action。,Not Submitted
M2.6-A05,57,M2.6,项目执行与问题闭环,管理决策,转化Action并跟踪结果,完成“转化Action并跟踪结果”，使“管理决策”能够按统一规则执行、检查并留下可验证结果。,待决策清单、决策记录和后续行动,决策事项、人员、期限、理由和结果可追踪,TARGET,TBD,TBD,TBD,未开始,,REQ-014,AT-13 ; MS-12 ; GOV-01,P1,独立Decision／高级Review按用户范围放P1；现有周报和Issue中的待决责任仍保留，不能静默删去原Action。,Not Submitted
M2.7-A01,58,M2.7,项目执行与问题闭环,结果确认与验证关闭,检查Action,完成“检查Action”，使“结果确认与验证关闭”能够按统一规则执行、检查并留下可验证结果。,验证关闭记录及结果证据,Action完成不等于Issue关闭，关闭有结果、证据和验证人,TARGET,TBD,TBD,TBD,未开始,,REQ-011 ; REQ-015,AT-05 ; MS-07,P0,原目标保留；按本版BR及目标对象实施，历史Done不继承为验收。,Not Submitted
M2.7-A02,59,M2.7,项目执行与问题闭环,结果确认与验证关闭,记录结果,完成“记录结果”，使“结果确认与验证关闭”能够按统一规则执行、检查并留下可验证结果。,验证关闭记录及结果证据,Action完成不等于Issue关闭，关闭有结果、证据和验证人,TARGET,TBD,TBD,TBD,未开始,,REQ-011 ; REQ-015,AT-05 ; MS-07,P0,原目标保留；按本版BR及目标对象实施，历史Done不继承为验收。,Not Submitted
M2.7-A03,60,M2.7,项目执行与问题闭环,结果确认与验证关闭,确认影响是否消除或接受,完成“确认影响是否消除或接受”，使“结果确认与验证关闭”能够按统一规则执行、检查并留下可验证结果。,验证关闭记录及结果证据,Action完成不等于Issue关闭，关闭有结果、证据和验证人,TARGET,TBD,TBD,TBD,未开始,,REQ-011 ; REQ-015,AT-05 ; MS-07,P0,原目标保留；按本版BR及目标对象实施，历史Done不继承为验收。,Not Submitted
M2.7-A04,61,M2.7,项目执行与问题闭环,结果确认与验证关闭,指定验证人,完成“指定验证人”，使“结果确认与验证关闭”能够按统一规则执行、检查并留下可验证结果。,验证关闭记录及结果证据,Action完成不等于Issue关闭，关闭有结果、证据和验证人,TARGET,TBD,TBD,TBD,未开始,,REQ-011 ; REQ-015,AT-05 ; MS-07,P0,原目标保留；按本版BR及目标对象实施，历史Done不继承为验收。,Not Submitted
M2.7-A05,62,M2.7,项目执行与问题闭环,结果确认与验证关闭,提交证据,完成“提交证据”，使“结果确认与验证关闭”能够按统一规则执行、检查并留下可验证结果。,验证关闭记录及结果证据,Action完成不等于Issue关闭，关闭有结果、证据和验证人,TARGET,TBD,TBD,TBD,未开始,,REQ-011 ; REQ-015,AT-05 ; MS-07,P0,原目标保留；按本版BR及目标对象实施，历史Done不继承为验收。,Not Submitted
M2.7-A06,63,M2.7,项目执行与问题闭环,结果确认与验证关闭,正式关闭或重开,完成“正式关闭或重开”，使“结果确认与验证关闭”能够按统一规则执行、检查并留下可验证结果。,验证关闭记录及结果证据,Action完成不等于Issue关闭，关闭有结果、证据和验证人,TARGET,TBD,TBD,TBD,未开始,,REQ-011 ; REQ-015,AT-05 ; MS-07,P0,原目标保留；按本版BR及目标对象实施，历史Done不继承为验收。,Not Submitted
M2.8-A01,64,M2.8,项目执行与问题闭环,历史与经验沉淀,保留计划和状态变化,完成“保留计划和状态变化”，使“历史与经验沉淀”能够按统一规则执行、检查并留下可验证结果。,结构化执行历史及问题处理案例,原因、行动、决定和结果可关联，案例来自真实关闭记录,TARGET,TBD,TBD,TBD,未开始,,REQ-008 ; REQ-009 ; REQ-011,AT-03 ; AT-04 ; AT-05 ; MS-05 ; MS-06 ; MS-07,P0,原目标保留；按本版BR及目标对象实施，历史Done不继承为验收。,Not Submitted
M2.8-A02,65,M2.8,项目执行与问题闭环,历史与经验沉淀,记录Root Cause、有效无效Action、关键Decision、最终Result和可检索案例,完成“记录Root Cause、有效无效Action、关键Decision、最终Result和可检索案例”，使“历史与经验沉淀”能够按统一规则执行、检查并留下可验证结果。,结构化执行历史及问题处理案例,原因、行动、决定和结果可关联，案例来自真实关闭记录,TARGET,TBD,TBD,TBD,未开始,,REQ-011 ; REQ-016 ; REQ-017,AT-10 ; MS-09,P0,原目标保留；按本版BR及目标对象实施，历史Done不继承为验收。 原文Decision/Review在P0以Issue待决责任、周报及现有行动记录承载；新的独立管理平台仍在P1，不扩展本动作范围。,Not Submitted
M3.1-A01,66,M3.1,工作与管理入口,个人执行入口,展示今日、即将到期、逾期、待更新、待确认、本人异常和Action,完成“展示今日、即将到期、逾期、待更新、待确认、本人异常和Action”，使“个人执行入口”能够按统一规则执行、检查并留下可验证结果。,My Daily Work入口,一个入口找到并完成核心工作，可返回项目背景，减少重复维护,TARGET,TBD,TBD,TBD,进行中,,REQ-008 ; REQ-010,AT-02 ; MS-07,P0,原目标保留；按本版BR及目标对象实施，历史Done不继承为验收。,Not Submitted
M3.1-A02,67,M3.1,工作与管理入口,个人执行入口,支持更新、提交结果并进入项目背景,完成“支持更新、提交结果并进入项目背景”，使“个人执行入口”能够按统一规则执行、检查并留下可验证结果。,My Daily Work入口,一个入口找到并完成核心工作，可返回项目背景，减少重复维护,TARGET,TBD,TBD,TBD,进行中,,REQ-008 ; REQ-010,AT-02 ; MS-07,P0,原目标保留；按本版BR及目标对象实施，历史Done不继承为验收。,Not Submitted
M3.2-A01,68,M3.2,工作与管理入口,项目管理入口,展示项目、SKU、阶段、健康、Milestone、Task、异常、Action、待决策和缺失项,完成“展示项目、SKU、阶段、健康、Milestone、Task、异常、Action、待决策和缺失项”，使“项目管理入口”能够按统一规则执行、检查并留下可验证结果。,Project Workspace及可信项目视图,偏差、影响、Owner和下一步清楚，无需另做解释报告,TARGET,TBD,TBD,TBD,未开始,,REQ-005,AT-08 ; MS-04,P0,原目标保留；按本版BR及目标对象实施，历史Done不继承为验收。 原文Decision/Review在P0以Issue待决责任、周报及现有行动记录承载；新的独立管理平台仍在P1，不扩展本动作范围。,Not Submitted
M3.2-A02,69,M3.2,工作与管理入口,项目管理入口,支持更新、审查和下钻,完成“支持更新、审查和下钻”，使“项目管理入口”能够按统一规则执行、检查并留下可验证结果。,Project Workspace及可信项目视图,偏差、影响、Owner和下一步清楚，无需另做解释报告,TARGET,TBD,TBD,TBD,未开始,,REQ-005,AT-08 ; MS-04,P0,原目标保留；按本版BR及目标对象实施，历史Done不继承为验收。,Not Submitted
M3.3-A01,70,M3.3,工作与管理入口,异常处理入口,展示开放、缺失Owner/Action/Due、逾期和待关闭异常,完成“展示开放、缺失Owner/Action/Due、逾期和待关闭异常”，使“异常处理入口”能够按统一规则执行、检查并留下可验证结果。,统一异常处理入口,异常集中可见，可直接分配、行动、升级和关闭,TARGET,TBD,TBD,TBD,未开始,,REQ-012 ; REQ-013 ; REQ-015,AT-05 ; AT-08 ; MS-07,P0,原目标保留；按本版BR及目标对象实施，历史Done不继承为验收。,Not Submitted
M3.3-A02,71,M3.3,工作与管理入口,异常处理入口,支持分配、行动、更新、升级、决策和关闭,完成“支持分配、行动、更新、升级、决策和关闭”，使“异常处理入口”能够按统一规则执行、检查并留下可验证结果。,统一异常处理入口,异常集中可见，可直接分配、行动、升级和关闭,TARGET,TBD,TBD,TBD,未开始,,REQ-012 ; REQ-013 ; REQ-015,AT-05 ; AT-08 ; MS-07,P0,原目标保留；按本版BR及目标对象实施，历史Done不继承为验收。 原文Decision/Review在P0以Issue待决责任、周报及现有行动记录承载；新的独立管理平台仍在P1，不扩展本动作范围。,Not Submitted
M3.4-A01,72,M3.4,工作与管理入口,周度管理入口,展示健康、变化、偏差、Top Risk、逾期、缺失、待决策和上周结果,完成“展示健康、变化、偏差、Top Risk、逾期、缺失、待决策和上周结果”，使“周度管理入口”能够按统一规则执行、检查并留下可验证结果。,周度管理视图及决定行动记录,周会直接使用AutoPM，决定回写，下周期验证结果,TARGET,TBD,TBD,TBD,进行中,,REQ-019 ; REQ-020,AT-13 ; MS-12,P1,独立Decision／高级Review按用户范围放P1；现有周报和Issue中的待决责任仍保留，不能静默删去原Action。,Not Submitted
M3.4-A02,73,M3.4,工作与管理入口,周度管理入口,支持确认、决定和行动回写,完成“支持确认、决定和行动回写”，使“周度管理入口”能够按统一规则执行、检查并留下可验证结果。,周度管理视图及决定行动记录,周会直接使用AutoPM，决定回写，下周期验证结果,TARGET,TBD,TBD,TBD,未开始,,REQ-019 ; REQ-020,AT-13 ; MS-12,P1,独立Decision／高级Review按用户范围放P1；现有周报和Issue中的待决责任仍保留，不能静默删去原Action。,Not Submitted
M3.5-A01,74,M3.5,工作与管理入口,领导审查与下钻,展示组合健康、关键风险延误、受影响Milestone和待决策项,完成“展示组合健康、关键风险延误、受影响Milestone和待决策项”，使“领导审查与下钻”能够按统一规则执行、检查并留下可验证结果。,Leadership View及下钻路径,汇总结论可下钻，管理决定和后续行动可追踪,TARGET,TBD,TBD,TBD,未开始,,REQ-007,AT-08 ; MS-04,P0,原目标保留；按本版BR及目标对象实施，历史Done不继承为验收。 原文Decision/Review在P0以Issue待决责任、周报及现有行动记录承载；新的独立管理平台仍在P1，不扩展本动作范围。,Not Submitted
M3.5-A02,75,M3.5,工作与管理入口,领导审查与下钻,逐层下钻至Project、SKU、异常、Action、Owner和Result,完成“逐层下钻至Project、SKU、异常、Action、Owner和Result”，使“领导审查与下钻”能够按统一规则执行、检查并留下可验证结果。,Leadership View及下钻路径,汇总结论可下钻，管理决定和后续行动可追踪,TARGET,TBD,TBD,TBD,未开始,,REQ-007,AT-08 ; MS-04,P0,原目标保留；按本版BR及目标对象实施，历史Done不继承为验收。,Not Submitted
M3.6-A01,76,M3.6,工作与管理入口,用户体验与动作效率,删除无用字段,完成“删除无用字段”，使“用户体验与动作效率”能够按统一规则执行、检查并留下可验证结果。,用户问题清单及界面修复任务,核心动作易完成，信息一次维护，反馈转为可验收任务,TARGET,TBD,TBD,TBD,未开始,,REQ-004 ; REQ-005,AT-00 ; AT-08 ; MS-04 ; GOV-01,P0,原删除意图改为消费者核对与先隐藏；删除需后续具体影响、恢复方案及范围授权，不直接执行旧文删除指令。,Not Submitted
M3.6-A02,77,M3.6,工作与管理入口,用户体验与动作效率,减少重复录入和页面切换,完成“减少重复录入和页面切换”，使“用户体验与动作效率”能够按统一规则执行、检查并留下可验证结果。,用户问题清单及界面修复任务,核心动作易完成，信息一次维护，反馈转为可验收任务,TARGET,TBD,TBD,TBD,进行中,,REQ-005 ; REQ-028,AT-00 ; AT-08 ; MS-04,P0,原目标保留；按本版BR及目标对象实施，历史Done不继承为验收。,Not Submitted
M3.6-A03,78,M3.6,工作与管理入口,用户体验与动作效率,突出下一步,完成“突出下一步”，使“用户体验与动作效率”能够按统一规则执行、检查并留下可验证结果。,用户问题清单及界面修复任务,核心动作易完成，信息一次维护，反馈转为可验收任务,TARGET,TBD,TBD,TBD,未开始,,REQ-005 ; REQ-028,AT-00 ; AT-08 ; MS-04,P0,原目标保留；按本版BR及目标对象实施，历史Done不继承为验收。,Not Submitted
M3.6-A04,79,M3.6,工作与管理入口,用户体验与动作效率,简化更新,完成“简化更新”，使“用户体验与动作效率”能够按统一规则执行、检查并留下可验证结果。,用户问题清单及界面修复任务,核心动作易完成，信息一次维护，反馈转为可验收任务,TARGET,TBD,TBD,TBD,未开始,,REQ-005 ; REQ-028,AT-00 ; AT-08 ; MS-04,P0,原目标保留；按本版BR及目标对象实施，历史Done不继承为验收。,Not Submitted
M3.6-A05,80,M3.6,工作与管理入口,用户体验与动作效率,提供说明,完成“提供说明”，使“用户体验与动作效率”能够按统一规则执行、检查并留下可验证结果。,用户问题清单及界面修复任务,核心动作易完成，信息一次维护，反馈转为可验收任务,TARGET,TBD,TBD,TBD,未开始,,REQ-005 ; REQ-028,AT-00 ; AT-08 ; MS-04,P0,原目标保留；按本版BR及目标对象实施，历史Done不继承为验收。,Not Submitted
M3.6-A06,81,M3.6,工作与管理入口,用户体验与动作效率,收集并排序用户问题,完成“收集并排序用户问题”，使“用户体验与动作效率”能够按统一规则执行、检查并留下可验证结果。,用户问题清单及界面修复任务,核心动作易完成，信息一次维护，反馈转为可验收任务,TARGET,TBD,TBD,TBD,未开始,,REQ-027 ; REQ-028,AT-10 ; MS-10 ; GOV-03,P0,原目标保留；按本版BR及目标对象实施，历史Done不继承为验收。,Not Submitted
M4.1-A01,82,M4.1,自动化、集成与运行保障,数据导入与初始化自动化,建立导入模板,完成“建立导入模板”，使“数据导入与初始化自动化”能够按统一规则执行、检查并留下可验证结果。,稳定导入流程及错误报告,不重复，错误可定位，不静默覆盖真实数据,TARGET,TBD,TBD,TBD,进行中,,REQ-003 ; REQ-004,AT-06 ; AT-07 ; MS-01 ; MS-08,P0,原目标保留；按本版BR及目标对象实施，历史Done不继承为验收。,Not Submitted
M4.1-A02,83,M4.1,自动化、集成与运行保障,数据导入与初始化自动化,校验格式,完成“校验格式”，使“数据导入与初始化自动化”能够按统一规则执行、检查并留下可验证结果。,稳定导入流程及错误报告,不重复，错误可定位，不静默覆盖真实数据,TARGET,TBD,TBD,TBD,进行中,,REQ-003 ; REQ-004,AT-06 ; AT-07 ; MS-01 ; MS-08,P0,原目标保留；按本版BR及目标对象实施，历史Done不继承为验收。,Not Submitted
M4.1-A03,84,M4.1,自动化、集成与运行保障,数据导入与初始化自动化,匹配ID和Owner,完成“匹配ID和Owner”，使“数据导入与初始化自动化”能够按统一规则执行、检查并留下可验证结果。,稳定导入流程及错误报告,不重复，错误可定位，不静默覆盖真实数据,TARGET,TBD,TBD,TBD,进行中,,REQ-003 ; REQ-004,AT-06 ; AT-07 ; MS-01 ; MS-08,P0,原目标保留；按本版BR及目标对象实施，历史Done不继承为验收。,Not Submitted
M4.1-A04,85,M4.1,自动化、集成与运行保障,数据导入与初始化自动化,防重复和静默覆盖,完成“防重复和静默覆盖”，使“数据导入与初始化自动化”能够按统一规则执行、检查并留下可验证结果。,稳定导入流程及错误报告,不重复，错误可定位，不静默覆盖真实数据,TARGET,TBD,TBD,TBD,进行中,,REQ-003 ; REQ-004,AT-06 ; AT-07 ; MS-01 ; MS-08,P0,原目标保留；按本版BR及目标对象实施，历史Done不继承为验收。,Not Submitted
M4.1-A05,86,M4.1,自动化、集成与运行保障,数据导入与初始化自动化,显示错误,完成“显示错误”，使“数据导入与初始化自动化”能够按统一规则执行、检查并留下可验证结果。,稳定导入流程及错误报告,不重复，错误可定位，不静默覆盖真实数据,TARGET,TBD,TBD,TBD,进行中,,REQ-003 ; REQ-004,AT-06 ; AT-07 ; MS-01 ; MS-08,P0,原目标保留；按本版BR及目标对象实施，历史Done不继承为验收。,Not Submitted
M4.1-A06,87,M4.1,自动化、集成与运行保障,数据导入与初始化自动化,支持修正和回退,完成“支持修正和回退”，使“数据导入与初始化自动化”能够按统一规则执行、检查并留下可验证结果。,稳定导入流程及错误报告,不重复，错误可定位，不静默覆盖真实数据,TARGET,TBD,TBD,TBD,未开始,,REQ-003 ; REQ-004,AT-06 ; AT-07 ; MS-01 ; MS-08,P0,原目标保留；按本版BR及目标对象实施，历史Done不继承为验收。,Not Submitted
M4.2-A01,88,M4.2,自动化、集成与运行保障,状态与异常计算,计算到期、逾期、Next Milestone和偏差,完成“计算到期、逾期、Next Milestone和偏差”，使“状态与异常计算”能够按统一规则执行、检查并留下可验证结果。,计算规则及可解释结果,规则与业务定义一致，异常边界通过测试，不无依据覆盖,TARGET,TBD,TBD,TBD,进行中,,REQ-006 ; REQ-009 ; REQ-010 ; REQ-023,AT-01 ; AT-02 ; AT-04 ; MS-03 ; MS-04 ; MS-05 ; MS-07,P0,原目标保留；按本版BR及目标对象实施，历史Done不继承为验收。,Not Submitted
M4.2-A02,89,M4.2,自动化、集成与运行保障,状态与异常计算,识别缺失与冲突,完成“识别缺失与冲突”，使“状态与异常计算”能够按统一规则执行、检查并留下可验证结果。,计算规则及可解释结果,规则与业务定义一致，异常边界通过测试，不无依据覆盖,TARGET,TBD,TBD,TBD,未开始,,REQ-004 ; REQ-006 ; REQ-023,AT-01 ; AT-03 ; AT-06 ; MS-03 ; MS-08,P0,原目标保留；按本版BR及目标对象实施，历史Done不继承为验收。,Not Submitted
M4.2-A03,90,M4.2,自动化、集成与运行保障,状态与异常计算,展示依据并支持授权确认,完成“展示依据并支持授权确认”，使“状态与异常计算”能够按统一规则执行、检查并留下可验证结果。,计算规则及可解释结果,规则与业务定义一致，异常边界通过测试，不无依据覆盖,TARGET,TBD,TBD,TBD,未开始,,REQ-005 ; REQ-006 ; REQ-023,AT-01 ; AT-08 ; MS-03 ; MS-04,P0,原目标保留；按本版BR及目标对象实施，历史Done不继承为验收。,Not Submitted
M4.3-A01,91,M4.3,自动化、集成与运行保障,提醒与升级,建立到期、逾期、缺失和关键Delay提醒,完成“建立到期、逾期、缺失和关键Delay提醒”，使“提醒与升级”能够按统一规则执行、检查并留下可验证结果。,分级提醒和升级机制,对象正确，已完成停止，重复受控，关键事项升级,TARGET,TBD,TBD,TBD,进行中,,REQ-010 ; REQ-021,AT-09 ; MS-09,P0,原目标保留；按本版BR及目标对象实施，历史Done不继承为验收。,Not Submitted
M4.3-A02,92,M4.3,自动化、集成与运行保障,提醒与升级,建立去重、停止、升级及响应记录,完成“建立去重、停止、升级及响应记录”，使“提醒与升级”能够按统一规则执行、检查并留下可验证结果。,分级提醒和升级机制,对象正确，已完成停止，重复受控，关键事项升级,TARGET,TBD,TBD,TBD,未开始,,REQ-010 ; REQ-021,AT-09 ; MS-09,P0,原目标保留；按本版BR及目标对象实施，历史Done不继承为验收。,Not Submitted
M4.4-A01,93,M4.4,自动化、集成与运行保障,报告生成,汇总状态、变化、风险、延误、行动和决定,完成“汇总状态、变化、风险、延误、行动和决定”，使“报告生成”能够按统一规则执行、检查并留下可验证结果。,可确认、可追溯的周报草稿,报告来自统一数据，缺失透明，可下钻，发布前人工确认,TARGET,TBD,TBD,TBD,进行中,,REQ-019,AT-09 ; MS-09,P0,本动作的结构化周报、来源、确认与导出为P0；并不要求新增AI生成，AI增强另由AT-14/MS-12承接。,Not Submitted
M4.4-A02,94,M4.4,自动化、集成与运行保障,报告生成,生成周报,完成“生成周报”，使“报告生成”能够按统一规则执行、检查并留下可验证结果。,可确认、可追溯的周报草稿,报告来自统一数据，缺失透明，可下钻，发布前人工确认,TARGET,TBD,TBD,TBD,已完成,,REQ-019,AT-09 ; MS-09,P0,本动作的结构化周报、来源、确认与导出为P0；并不要求新增AI生成，AI增强另由AT-14/MS-12承接。,Not Submitted
M4.4-A03,95,M4.4,自动化、集成与运行保障,报告生成,标记缺失待确认,完成“标记缺失待确认”，使“报告生成”能够按统一规则执行、检查并留下可验证结果。,可确认、可追溯的周报草稿,报告来自统一数据，缺失透明，可下钻，发布前人工确认,TARGET,TBD,TBD,TBD,未开始,,REQ-019,AT-09 ; MS-09,P0,本动作的结构化周报、来源、确认与导出为P0；并不要求新增AI生成，AI增强另由AT-14/MS-12承接。,Not Submitted
M4.4-A04,96,M4.4,自动化、集成与运行保障,报告生成,保留来源、下钻、确认和导出,完成“保留来源、下钻、确认和导出”，使“报告生成”能够按统一规则执行、检查并留下可验证结果。,可确认、可追溯的周报草稿,报告来自统一数据，缺失透明，可下钻，发布前人工确认,TARGET,TBD,TBD,TBD,未开始,,REQ-019,AT-09 ; MS-09,P0,本动作的结构化周报、来源、确认与导出为P0；并不要求新增AI生成，AI增强另由AT-14/MS-12承接。,Not Submitted
M4.5-A01,97,M4.5,自动化、集成与运行保障,PMO主数据连接,确认必要数据范围,完成“确认必要数据范围”，使“PMO主数据连接”能够按统一规则执行、检查并留下可验证结果。,PMO读取验证及映射对账结果,必要主数据稳定匹配，冲突和失败不静默处理,TARGET,TBD,TBD,TBD,进行中,,REQ-002 ; REQ-003 ; REQ-007,AT-03 ; AT-06 ; MS-02 ; MS-08 ; GOV-01,P0,原目标保留；按本版BR及目标对象实施，历史Done不继承为验收。,Not Submitted
M4.5-A02,98,M4.5,自动化、集成与运行保障,PMO主数据连接,建立Programme、Project、SKU和目标日期映射,完成“建立Programme、Project、SKU和目标日期映射”，使“PMO主数据连接”能够按统一规则执行、检查并留下可验证结果。,PMO读取验证及映射对账结果,必要主数据稳定匹配，冲突和失败不静默处理,TARGET,TBD,TBD,TBD,未开始,,REQ-002 ; REQ-003 ; REQ-007,AT-03 ; AT-06 ; MS-02 ; MS-08 ; GOV-01,P0,原目标保留；按本版BR及目标对象实施，历史Done不继承为验收。,Not Submitted
M4.5-A03,99,M4.5,自动化、集成与运行保障,PMO主数据连接,验证读取,完成“验证读取”，使“PMO主数据连接”能够按统一规则执行、检查并留下可验证结果。,PMO读取验证及映射对账结果,必要主数据稳定匹配，冲突和失败不静默处理,TARGET,TBD,TBD,TBD,未开始,,REQ-002 ; REQ-003 ; REQ-007,AT-03 ; AT-06 ; MS-02 ; MS-08 ; GOV-01,P0,原目标保留；按本版BR及目标对象实施，历史Done不继承为验收。,Not Submitted
M4.5-A04,100,M4.5,自动化、集成与运行保障,PMO主数据连接,识别变化冲突,完成“识别变化冲突”，使“PMO主数据连接”能够按统一规则执行、检查并留下可验证结果。,PMO读取验证及映射对账结果,必要主数据稳定匹配，冲突和失败不静默处理,TARGET,TBD,TBD,TBD,未开始,,REQ-002 ; REQ-003 ; REQ-007,AT-03 ; AT-06 ; MS-02 ; MS-08 ; GOV-01,P0,原目标保留；按本版BR及目标对象实施，历史Done不继承为验收。,Not Submitted
M4.5-A05,101,M4.5,自动化、集成与运行保障,PMO主数据连接,记录同步并对账,完成“记录同步并对账”，使“PMO主数据连接”能够按统一规则执行、检查并留下可验证结果。,PMO读取验证及映射对账结果,必要主数据稳定匹配，冲突和失败不静默处理,TARGET,TBD,TBD,TBD,未开始,,REQ-002 ; REQ-003 ; REQ-007,AT-03 ; AT-06 ; MS-02 ; MS-08 ; GOV-01,P0,原目标保留；按本版BR及目标对象实施，历史Done不继承为验收。,Not Submitted
M4.6-A01,102,M4.6,自动化、集成与运行保障,权限与审计,定义角色、项目、查看、编辑、确认、审批、导出和敏感字段权限,完成“定义角色、项目、查看、编辑、确认、审批、导出和敏感字段权限”，使“权限与审计”能够按统一规则执行、检查并留下可验证结果。,Phase 1权限模型及审计记录,访问和关键操作受控，越权经过测试，操作可追溯,TARGET,TBD,TBD,TBD,未开始,,REQ-026,AT-11 ; MS-03 ; GOV-02,P0,原目标保留；按本版BR及目标对象实施，历史Done不继承为验收。,Not Submitted
M4.6-A02,103,M4.6,自动化、集成与运行保障,权限与审计,记录变更,完成“记录变更”，使“权限与审计”能够按统一规则执行、检查并留下可验证结果。,Phase 1权限模型及审计记录,访问和关键操作受控，越权经过测试，操作可追溯,TARGET,TBD,TBD,TBD,未开始,,REQ-026,AT-11 ; MS-03 ; GOV-02,P0,原目标保留；按本版BR及目标对象实施，历史Done不继承为验收。,Not Submitted
M4.6-A03,104,M4.6,自动化、集成与运行保障,权限与审计,测试越权,完成“测试越权”，使“权限与审计”能够按统一规则执行、检查并留下可验证结果。,Phase 1权限模型及审计记录,访问和关键操作受控，越权经过测试，操作可追溯,TARGET,TBD,TBD,TBD,未开始,,REQ-026,AT-11 ; MS-03 ; GOV-02,P0,原目标保留；按本版BR及目标对象实施，历史Done不继承为验收。,Not Submitted
M4.7-A01,105,M4.7,自动化、集成与运行保障,运行监控与失败恢复,记录自动化和同步结果,完成“记录自动化和同步结果”，使“运行监控与失败恢复”能够按统一规则执行、检查并留下可验证结果。,运行监控及失败处理机制,失败及时发现，重试安全，故障有责任和回退,TARGET,TBD,TBD,TBD,未开始,,REQ-027,AT-07 ; AT-09 ; MS-08 ; MS-09,P0,原目标保留；按本版BR及目标对象实施，历史Done不继承为验收。,Not Submitted
M4.7-A02,106,M4.7,自动化、集成与运行保障,运行监控与失败恢复,监控异常,完成“监控异常”，使“运行监控与失败恢复”能够按统一规则执行、检查并留下可验证结果。,运行监控及失败处理机制,失败及时发现，重试安全，故障有责任和回退,TARGET,TBD,TBD,TBD,未开始,,REQ-027,AT-10 ; MS-08 ; MS-10 ; GOV-02,P0,原目标保留；按本版BR及目标对象实施，历史Done不继承为验收。,Not Submitted
M4.7-A03,107,M4.7,自动化、集成与运行保障,运行监控与失败恢复,告警并分配Owner,完成“告警并分配Owner”，使“运行监控与失败恢复”能够按统一规则执行、检查并留下可验证结果。,运行监控及失败处理机制,失败及时发现，重试安全，故障有责任和回退,TARGET,TBD,TBD,TBD,未开始,,REQ-027,AT-07 ; AT-10 ; MS-08 ; MS-10 ; GOV-02,P0,原目标保留；按本版BR及目标对象实施，历史Done不继承为验收。,Not Submitted
M4.7-A04,108,M4.7,自动化、集成与运行保障,运行监控与失败恢复,支持幂等重试,完成“支持幂等重试”，使“运行监控与失败恢复”能够按统一规则执行、检查并留下可验证结果。,运行监控及失败处理机制,失败及时发现，重试安全，故障有责任和回退,TARGET,TBD,TBD,TBD,进行中,,REQ-004 ; REQ-027,AT-06 ; AT-07 ; MS-03 ; MS-08,P0,原目标保留；按本版BR及目标对象实施，历史Done不继承为验收。,Not Submitted
M4.7-A05,109,M4.7,自动化、集成与运行保障,运行监控与失败恢复,防数据污染,完成“防数据污染”，使“运行监控与失败恢复”能够按统一规则执行、检查并留下可验证结果。,运行监控及失败处理机制,失败及时发现，重试安全，故障有责任和回退,TARGET,TBD,TBD,TBD,未开始,,REQ-004 ; REQ-027,AT-06 ; MS-03 ; MS-08 ; GOV-02,P0,原目标保留；按本版BR及目标对象实施，历史Done不继承为验收。,Not Submitted
M4.7-A06,110,M4.7,自动化、集成与运行保障,运行监控与失败恢复,建立回退,完成“建立回退”，使“运行监控与失败恢复”能够按统一规则执行、检查并留下可验证结果。,运行监控及失败处理机制,失败及时发现，重试安全，故障有责任和回退,TARGET,TBD,TBD,TBD,未开始,,REQ-027 ; REQ-029,AT-11 ; MS-10 ; GOV-02,P0,原目标保留；按本版BR及目标对象实施，历史Done不继承为验收。,Not Submitted
M5.1-A01,111,M5.1,Pilot运行与采用,Pilot范围确认,确认试点目标、团队、负责人、项目清单、选择标准、参与角色、使用承诺及启动暂停退出条件,完成“确认试点目标、团队、负责人、项目清单、选择标准、参与角色、使用承诺及启动暂停退出条件”，使“Pilot范围确认”能够按统一规则执行、检查并留下可验证结果。,Pilot范围说明及团队项目清单,团队、项目、角色和目标确认，未确认数量周期保持TBD,TARGET,TBD,TBD,TBD,未开始,,REQ-028,GOV-03,P0,治理／试用／度量／Gate工作；不机械转成新增表或代码功能。,Not Submitted
M5.2-A01,112,M5.2,Pilot运行与采用,角色与责任,定义执行、项目、职能、管理、Data Owner和平台支持责任,完成“定义执行、项目、职能、管理、Data Owner和平台支持责任”，使“角色与责任”能够按统一规则执行、检查并留下可验证结果。,Pilot角色责任矩阵,每类数据和行动有责任，PM不代替所有人维护,TARGET,TBD,TBD,TBD,未开始,,REQ-026 ; REQ-028,GOV-02 ; GOV-03,P0,治理／试用／度量／Gate工作；不机械转成新增表或代码功能。,Not Submitted
M5.3-A01,113,M5.3,Pilot运行与采用,使用规则,定义必须维护的信息、更新频率、异常Action升级关闭规则、人工确认和最低证据,完成“定义必须维护的信息、更新频率、异常Action升级关闭规则、人工确认和最低证据”，使“使用规则”能够按统一规则执行、检查并留下可验证结果。,Pilot使用规则,何时在哪里更新什么清楚，关键事实保留人工责任,TARGET,TBD,TBD,TBD,未开始,,REQ-008 ; REQ-010 ; REQ-011 ; REQ-015 ; REQ-028,GOV-01 ; GOV-02 ; GOV-03,P0,治理／试用／度量／Gate工作；不机械转成新增表或代码功能。,Not Submitted
M5.4-A01,114,M5.4,Pilot运行与采用,双系统过渡,明确唯一维护位置、旧工具范围、读取写入链接同步方向、冲突失败、停止条件和回退方案,完成“明确唯一维护位置、旧工具范围、读取写入链接同步方向、冲突失败、停止条件和回退方案”，使“双系统过渡”能够按统一规则执行、检查并留下可验证结果。,双系统过渡方案,无规则重复维护被消除，切换和回退不丢数据,TARGET,TBD,TBD,TBD,进行中,,REQ-003 ; REQ-028 ; REQ-029,MS-10 ; GOV-01 ; GOV-03 ; GOV-04,P0,治理／试用／度量／Gate工作；不机械转成新增表或代码功能。,Not Submitted
M5.5-A01,115,M5.5,Pilot运行与采用,角色上手,使用真实项目完成任务更新、状态异常维护、Action确认、管理审查和Decision,完成“使用真实项目完成任务更新、状态异常维护、Action确认、管理审查和Decision”，使“角色上手”能够按统一规则执行、检查并留下可验证结果。,角色上手记录及首轮问题清单,关键角色在真实项目完成核心动作，不以登录培训作为完成,TARGET,TBD,TBD,TBD,未开始,,REQ-026 ; REQ-028,AT-11 ; MS-10 ; GOV-03,P0,治理／试用／度量／Gate工作；不机械转成新增表或代码功能。 原文Decision/Review在P0以Issue待决责任、周报及现有行动记录承载；新的独立管理平台仍在P1，不扩展本动作范围。,Not Submitted
M5.5-A02,116,M5.5,Pilot运行与采用,角色上手,记录问题和理解偏差,完成“记录问题和理解偏差”，使“角色上手”能够按统一规则执行、检查并留下可验证结果。,角色上手记录及首轮问题清单,关键角色在真实项目完成核心动作，不以登录培训作为完成,TARGET,TBD,TBD,TBD,未开始,,REQ-026 ; REQ-028,AT-11 ; MS-10 ; GOV-03,P0,治理／试用／度量／Gate工作；不机械转成新增表或代码功能。,Not Submitted
M5.6-A01,117,M5.6,Pilot运行与采用,周度运行节奏,按规则更新,完成“按规则更新”，使“周度运行节奏”能够按统一规则执行、检查并留下可验证结果。,可重复周度运行机制,真实项目持续更新，周会使用AutoPM，行动下周期验证,TARGET,TBD,TBD,TBD,已完成,,REQ-019 ; REQ-028,AT-11 ; MS-10 ; GOV-03,P0,治理／试用／度量／Gate工作；不机械转成新增表或代码功能。,Not Submitted
M5.6-A02,118,M5.6,Pilot运行与采用,周度运行节奏,检查数据,完成“检查数据”，使“周度运行节奏”能够按统一规则执行、检查并留下可验证结果。,可重复周度运行机制,真实项目持续更新，周会使用AutoPM，行动下周期验证,TARGET,TBD,TBD,TBD,未开始,,REQ-019 ; REQ-028,AT-11 ; MS-10 ; GOV-03,P0,治理／试用／度量／Gate工作；不机械转成新增表或代码功能。,Not Submitted
M5.6-A03,119,M5.6,Pilot运行与采用,周度运行节奏,生成异常和周报,完成“生成异常和周报”，使“周度运行节奏”能够按统一规则执行、检查并留下可验证结果。,可重复周度运行机制,真实项目持续更新，周会使用AutoPM，行动下周期验证,TARGET,TBD,TBD,TBD,进行中,,REQ-019 ; REQ-028,AT-11 ; MS-10 ; GOV-03,P0,治理／试用／度量／Gate工作；不机械转成新增表或代码功能。,Not Submitted
M5.6-A04,120,M5.6,Pilot运行与采用,周度运行节奏,开展周度审查,完成“开展周度审查”，使“周度运行节奏”能够按统一规则执行、检查并留下可验证结果。,可重复周度运行机制,真实项目持续更新，周会使用AutoPM，行动下周期验证,TARGET,TBD,TBD,TBD,未开始,,REQ-019 ; REQ-028,AT-11 ; MS-10 ; GOV-03,P0,治理／试用／度量／Gate工作；不机械转成新增表或代码功能。 原文Decision/Review在P0以Issue待决责任、周报及现有行动记录承载；新的独立管理平台仍在P1，不扩展本动作范围。,Not Submitted
M5.6-A05,121,M5.6,Pilot运行与采用,周度运行节奏,回写决定和Action,完成“回写决定和Action”，使“周度运行节奏”能够按统一规则执行、检查并留下可验证结果。,可重复周度运行机制,真实项目持续更新，周会使用AutoPM，行动下周期验证,TARGET,TBD,TBD,TBD,未开始,,REQ-019 ; REQ-028,AT-11 ; MS-10 ; GOV-03,P0,治理／试用／度量／Gate工作；不机械转成新增表或代码功能。 原文Decision/Review在P0以Issue待决责任、周报及现有行动记录承载；新的独立管理平台仍在P1，不扩展本动作范围。,Not Submitted
M5.6-A06,122,M5.6,Pilot运行与采用,周度运行节奏,下周期验证结果,完成“下周期验证结果”，使“周度运行节奏”能够按统一规则执行、检查并留下可验证结果。,可重复周度运行机制,真实项目持续更新，周会使用AutoPM，行动下周期验证,TARGET,TBD,TBD,TBD,未开始,,REQ-019 ; REQ-028,AT-11 ; MS-10 ; GOV-03,P0,治理／试用／度量／Gate工作；不机械转成新增表或代码功能。,Not Submitted
M5.7-A01,123,M5.7,Pilot运行与采用,用户支持与问题处理,建立反馈入口,完成“建立反馈入口”，使“用户支持与问题处理”能够按统一规则执行、检查并留下可验证结果。,问题改进清单及支持修复节奏,关键问题有分类、影响、责任和状态，修复经用户验证,TARGET,TBD,TBD,TBD,未开始,,REQ-027 ; REQ-028,AT-10 ; MS-10 ; GOV-03,P0,治理／试用／度量／Gate工作；不机械转成新增表或代码功能。,Not Submitted
M5.7-A02,124,M5.7,Pilot运行与采用,用户支持与问题处理,分类问题,完成“分类问题”，使“用户支持与问题处理”能够按统一规则执行、检查并留下可验证结果。,问题改进清单及支持修复节奏,关键问题有分类、影响、责任和状态，修复经用户验证,TARGET,TBD,TBD,TBD,未开始,,REQ-027 ; REQ-028,AT-10 ; MS-10 ; GOV-03,P0,治理／试用／度量／Gate工作；不机械转成新增表或代码功能。,Not Submitted
M5.7-A03,125,M5.7,Pilot运行与采用,用户支持与问题处理,评估影响优先级,完成“评估影响优先级”，使“用户支持与问题处理”能够按统一规则执行、检查并留下可验证结果。,问题改进清单及支持修复节奏,关键问题有分类、影响、责任和状态，修复经用户验证,TARGET,TBD,TBD,TBD,未开始,,REQ-027 ; REQ-028,AT-10 ; MS-10 ; GOV-03,P0,治理／试用／度量／Gate工作；不机械转成新增表或代码功能。,Not Submitted
M5.7-A04,126,M5.7,Pilot运行与采用,用户支持与问题处理,分配Owner,完成“分配Owner”，使“用户支持与问题处理”能够按统一规则执行、检查并留下可验证结果。,问题改进清单及支持修复节奏,关键问题有分类、影响、责任和状态，修复经用户验证,TARGET,TBD,TBD,TBD,未开始,,REQ-027 ; REQ-028,AT-10 ; MS-10 ; GOV-03,P0,治理／试用／度量／Gate工作；不机械转成新增表或代码功能。,Not Submitted
M5.7-A05,127,M5.7,Pilot运行与采用,用户支持与问题处理,验证修复,完成“验证修复”，使“用户支持与问题处理”能够按统一规则执行、检查并留下可验证结果。,问题改进清单及支持修复节奏,关键问题有分类、影响、责任和状态，修复经用户验证,TARGET,TBD,TBD,TBD,未开始,,REQ-027 ; REQ-028,AT-10 ; MS-10 ; GOV-03,P0,治理／试用／度量／Gate工作；不机械转成新增表或代码功能。,Not Submitted
M5.7-A06,128,M5.7,Pilot运行与采用,用户支持与问题处理,转化重复反馈,完成“转化重复反馈”，使“用户支持与问题处理”能够按统一规则执行、检查并留下可验证结果。,问题改进清单及支持修复节奏,关键问题有分类、影响、责任和状态，修复经用户验证,TARGET,TBD,TBD,TBD,未开始,,REQ-027 ; REQ-028,AT-10 ; MS-10 ; GOV-03,P0,治理／试用／度量／Gate工作；不机械转成新增表或代码功能。,Not Submitted
M6.1-A01,129,M6.1,价值证据与Gate决策,基线定义,定义人工追踪、周报汇总、数据质量、Task/Issue/Action/Delay基线,完成“定义人工追踪、周报汇总、数据质量、Task/Issue/Action/Delay基线”，使“基线定义”能够按统一规则执行、检查并留下可验证结果。,指标定义及Pilot前基线,定义和证据清楚，无基线不宣称改善,TARGET,TBD,TBD,TBD,未开始,,REQ-028 ; REQ-029,GOV-03,P0,治理／试用／度量／Gate工作；不机械转成新增表或代码功能。,Not Submitted
M6.1-A02,130,M6.1,价值证据与Gate决策,基线定义,定义算法来源Owner周期并在Pilot前记录,完成“定义算法来源Owner周期并在Pilot前记录”，使“基线定义”能够按统一规则执行、检查并留下可验证结果。,指标定义及Pilot前基线,定义和证据清楚，无基线不宣称改善,TARGET,TBD,TBD,TBD,未开始,,REQ-028 ; REQ-029,GOV-03,P0,治理／试用／度量／Gate工作；不机械转成新增表或代码功能。,Not Submitted
M6.2-A01,131,M6.2,价值证据与Gate决策,使用与采用证据,记录活跃项目用户、频率及时性、周度审查、关键动作、中断退出和双系统维护,完成“记录活跃项目用户、频率及时性、周度审查、关键动作、中断退出和双系统维护”，使“使用与采用证据”能够按统一规则执行、检查并留下可验证结果。,Pilot使用证据包,区分登录、一次录入和持续使用，负担和中断如实记录,TARGET,TBD,TBD,TBD,未开始,,REQ-028,GOV-03,P0,治理／试用／度量／Gate工作；不机械转成新增表或代码功能。,Not Submitted
M6.3-A01,132,M6.3,价值证据与Gate决策,数据质量证据,记录字段、关系、Owner、Due、状态完整性，以及重复、冲突、同步失败、修正和关闭,完成“记录字段、关系、Owner、Due、状态完整性，以及重复、冲突、同步失败、修正和关闭”，使“数据质量证据”能够按统一规则执行、检查并留下可验证结果。,数据质量证据包,指标可重复计算，问题可追溯，管理可用性有结论,TARGET,TBD,TBD,TBD,进行中,,REQ-004 ; REQ-028,GOV-03,P0,治理／试用／度量／Gate工作；不机械转成新增表或代码功能。,Not Submitted
M6.4-A01,133,M6.4,价值证据与Gate决策,执行闭环证据,记录Task按期逾期、异常Action覆盖、责任日期关闭、Delay影响恢复、Issue验证关闭和Decision转Action,完成“记录Task按期逾期、异常Action覆盖、责任日期关闭、Delay影响恢复、Issue验证关闭和Decision转Action”，使“执行闭环证据”能够按统一规则执行、检查并留下可验证结果。,执行闭环证据包,能识别闭环中断，区分Action完成和Issue关闭,TARGET,TBD,TBD,TBD,未开始,,REQ-015 ; REQ-028,GOV-03,P0,治理／试用／度量／Gate工作；不机械转成新增表或代码功能。 原文Decision/Review在P0以Issue待决责任、周报及现有行动记录承载；新的独立管理平台仍在P1，不扩展本动作范围。,Not Submitted
M6.5-A01,134,M6.5,价值证据与Gate决策,效率与业务结果,比较查找、周报、追问、重复维护、问题发现升级关闭,完成“比较查找、周报、追问、重复维护、问题发现升级关闭”，使“效率与业务结果”能够按统一规则执行、检查并留下可验证结果。,Pilot前后比较及价值结论,基于基线，同时呈现改善、未改善、负面影响和数据不足,TARGET,TBD,TBD,TBD,未开始,,REQ-028 ; REQ-029,GOV-03,P0,治理／试用／度量／Gate工作；不机械转成新增表或代码功能。,Not Submitted
M6.5-A02,135,M6.5,价值证据与Gate决策,效率与业务结果,记录决定结果、新增工作和负面影响,完成“记录决定结果、新增工作和负面影响”，使“效率与业务结果”能够按统一规则执行、检查并留下可验证结果。,Pilot前后比较及价值结论,基于基线，同时呈现改善、未改善、负面影响和数据不足,TARGET,TBD,TBD,TBD,未开始,,REQ-028 ; REQ-029,GOV-03,P0,治理／试用／度量／Gate工作；不机械转成新增表或代码功能。,Not Submitted
M6.5-A03,136,M6.5,价值证据与Gate决策,效率与业务结果,形成结论,完成“形成结论”，使“效率与业务结果”能够按统一规则执行、检查并留下可验证结果。,Pilot前后比较及价值结论,基于基线，同时呈现改善、未改善、负面影响和数据不足,TARGET,TBD,TBD,TBD,未开始,,REQ-028 ; REQ-029,GOV-03,P0,治理／试用／度量／Gate工作；不机械转成新增表或代码功能。,Not Submitted
M6.6-A01,137,M6.6,价值证据与Gate决策,平台能力评估,评估性能容量、中国访问、权限审计、自动化集成、导出迁移回退、支持许可成本及技术路线,完成“评估性能容量、中国访问、权限审计、自动化集成、导出迁移回退、支持许可成本及技术路线”，使“平台能力评估”能够按统一规则执行、检查并留下可验证结果。,平台评估及Phase 2技术路线建议,基于真实使用，事实限制建议分开，不预设最终平台,TARGET,TBD,TBD,TBD,未开始,,REQ-029,GOV-04,P0,治理／试用／度量／Gate工作；不机械转成新增表或代码功能。,Not Submitted
M6.7-A01,138,M6.7,价值证据与Gate决策,Gate 1决策,汇总证据,完成“汇总证据”，使“Gate 1决策”能够按统一规则执行、检查并留下可验证结果。,Gate 1评审包、决策记录及Phase 2条件,决策由证据支持，未确认不转承诺，通过后才进入Phase 2,TARGET,TBD,TBD,TBD,未开始,,REQ-026 ; REQ-028 ; REQ-029,GOV-04,P0,治理／试用／度量／Gate工作；不机械转成新增表或代码功能。,Not Submitted
M6.7-A02,139,M6.7,价值证据与Gate决策,Gate 1决策,评估成功条件,完成“评估成功条件”，使“Gate 1决策”能够按统一规则执行、检查并留下可验证结果。,Gate 1评审包、决策记录及Phase 2条件,决策由证据支持，未确认不转承诺，通过后才进入Phase 2,TARGET,TBD,TBD,TBD,未开始,,REQ-026 ; REQ-028 ; REQ-029,GOV-04,P0,治理／试用／度量／Gate工作；不机械转成新增表或代码功能。,Not Submitted
M6.7-A03,140,M6.7,价值证据与Gate决策,Gate 1决策,识别缺口风险,完成“识别缺口风险”，使“Gate 1决策”能够按统一规则执行、检查并留下可验证结果。,Gate 1评审包、决策记录及Phase 2条件,决策由证据支持，未确认不转承诺，通过后才进入Phase 2,TARGET,TBD,TBD,TBD,未开始,,REQ-026 ; REQ-028 ; REQ-029,GOV-04,P0,治理／试用／度量／Gate工作；不机械转成新增表或代码功能。,Not Submitted
M6.7-A04,141,M6.7,价值证据与Gate决策,Gate 1决策,提出继续调整延长迁移停止建议,完成“提出继续调整延长迁移停止建议”，使“Gate 1决策”能够按统一规则执行、检查并留下可验证结果。,Gate 1评审包、决策记录及Phase 2条件,决策由证据支持，未确认不转承诺，通过后才进入Phase 2,TARGET,TBD,TBD,TBD,未开始,,REQ-026 ; REQ-028 ; REQ-029,GOV-04,P0,治理／试用／度量／Gate工作；不机械转成新增表或代码功能。,Not Submitted
M6.7-A05,142,M6.7,价值证据与Gate决策,Gate 1决策,明确Phase 2条件和正式决定,完成“明确Phase 2条件和正式决定”，使“Gate 1决策”能够按统一规则执行、检查并留下可验证结果。,Gate 1评审包、决策记录及Phase 2条件,决策由证据支持，未确认不转承诺，通过后才进入Phase 2,TARGET,TBD,TBD,TBD,未开始,,REQ-026 ; REQ-028 ; REQ-029,GOV-04,P0,治理／试用／度量／Gate工作；不机械转成新增表或代码功能。,Not Submitted
